year,cell_days,total_frp,mean_frp,median_frp
2002,1968,76410.4719558,38.82645932713415,30.2977484
2003,3190,136013.1245792,42.63734312827586,30.898456200000002
2004,4063,174693.090346,42.99608425941423,30.6771428
2005,4562,183417.6381258,40.20553225028496,29.949970200000003
2006,5300,233239.9033214,44.00752892856604,30.6771428
2007,4552,235983.5548276,51.84172997091388,31.341083
2008,3912,184271.1538838,47.104078191155416,31.4359316
2009,3657,172060.4700718,47.04962266114301,31.6256288
2010,4327,192503.0248048,44.48879704293968,31.3094668
2011,4582,225289.9425874,49.16847284753383,31.862750300000002
2012,5304,151480.06,28.55958898944193,6.45
2013,6207,150647.93,24.27065087804092,7.12
2014,6462,155020.19,23.989506344784896,6.985
2015,6238,157763.35,25.290694132734853,6.88
2016,7366,153744.07,20.872124626663048,6.0
2017,8285,205910.75,24.853439951719977,6.2
2018,7172,198174.28,27.631662018962633,6.22
2019,7338,154307.26,21.028517307168165,5.49
2020,7613,160521.42,21.085172730855117,5.65
2021,7945,169453.5,21.328319697923224,5.55
2022,8083,176257.45,21.805944575034022,5.73
2023,8206,193067.51,23.527602973434075,5.68
2024,8323,154136.09,18.51929472545957,5.08
2025,9384,187042.17,19.932030051150896,5.085
2026,4501,104085.25,23.12491668518107,4.92
